<?xml version="1.0" encoding="UTF-8"?>
<CustomField xmlns="http://soap.sforce.com/2006/04/metadata">
    <fullName>orderID__c</fullName>
    <description>orderID</description>
    <externalDeveloperName>orderID</externalDeveloperName>
    <externalId>false</externalId>
    <isFilteringDisabled>false</isFilteringDisabled>
    <isNameField>false</isNameField>
    <isSortingDisabled>false</isSortingDisabled>
    <label>orderID</label>
    <length>18</length>
    <referenceTo>Orders__x</referenceTo>
    <relationshipLabel>OrderDetails</relationshipLabel>
    <relationshipName>OrderDetails</relationshipName>
    <type>ExternalLookup</type>
</CustomField>
