<?xml version="1.0" encoding="UTF-8"?>
<CustomField xmlns="http://soap.sforce.com/2006/04/metadata">
    <fullName>customerID__c</fullName>
    <description>customerID</description>
    <externalDeveloperName>customerID</externalDeveloperName>
    <externalId>false</externalId>
    <isFilteringDisabled>false</isFilteringDisabled>
    <isNameField>false</isNameField>
    <isSortingDisabled>false</isSortingDisabled>
    <label>customerID</label>
    <length>18</length>
    <referenceTargetField>Account.Customer_ID__c</referenceTargetField>
    <referenceTo>Account</referenceTo>
    <relationshipLabel>Orders</relationshipLabel>
    <relationshipName>Orders</relationshipName>
    <type>IndirectLookup</type>
</CustomField>
