<?xml version="1.0" encoding="UTF-8"?>
<CustomField xmlns="http://soap.sforce.com/2006/04/metadata">
    <fullName>shippedDate__c</fullName>
    <description>shippedDate</description>
    <externalDeveloperName>shippedDate</externalDeveloperName>
    <externalId>false</externalId>
    <isFilteringDisabled>false</isFilteringDisabled>
    <isNameField>false</isNameField>
    <isSortingDisabled>false</isSortingDisabled>
    <label>shippedDate</label>
    <required>false</required>
    <type>DateTime</type>
</CustomField>
