<?xml version="1.0" encoding="UTF-8"?>
<CustomField xmlns="http://soap.sforce.com/2006/04/metadata">
    <fullName>Book__c</fullName>
    <externalId>false</externalId>
    <label>Book</label>
    <referenceTo>Book__c</referenceTo>
    <relationshipLabel>Recommendations</relationshipLabel>
    <relationshipName>Recommendations</relationshipName>
    <relationshipOrder>0</relationshipOrder>
    <reparentableMasterDetail>false</reparentableMasterDetail>
    <trackTrending>false</trackTrending>
    <type>MasterDetail</type>
    <writeRequiresMasterRead>false</writeRequiresMasterRead>
</CustomField>
