<?xml version="1.0" encoding="UTF-8"?>
<CustomField xmlns="http://soap.sforce.com/2006/04/metadata">
    <fullName>Number_of_Days_Open__c</fullName>
    <externalId>false</externalId>
    <formula>IF(ISBLANK(Implemented_Date__c), TODAY() - DATEVALUE(CreatedDate), Implemented_Date__c - DATEVALUE(CreatedDate))</formula>
    <formulaTreatBlanksAs>BlankAsZero</formulaTreatBlanksAs>
    <label>Number of Days Open</label>
    <precision>18</precision>
    <required>false</required>
    <scale>0</scale>
    <trackTrending>false</trackTrending>
    <type>Number</type>
    <unique>false</unique>
</CustomField>
