<?xml version="1.0" encoding="UTF-8"?>
<CustomField xmlns="http://soap.sforce.com/2006/04/metadata">
    <fullName>Suggestion_Description__c</fullName>
    <externalId>false</externalId>
    <inlineHelpText>Please enter as much detail around this suggestion so we clearly understand your idea.</inlineHelpText>
    <label>Suggestion Description</label>
    <length>32768</length>
    <trackTrending>false</trackTrending>
    <type>LongTextArea</type>
    <visibleLines>10</visibleLines>
</CustomField>
